chemin_actuel;nouveau_chemin
01-Ingénierie système/TD/A_Integrer/DDS_01/011_IS;01-Ingénierie système/TD/011_IS
01-Ingénierie système/TD/SYS/SYS-01/SYS-01-ChaineFonctionnelle/58_Oz440;01-Ingénierie système/TD/58_Oz440
01-Ingénierie système/TD/SYS/SYS-01/SYS-01-ChaineFonctionnelle/59_Levage;01-Ingénierie système/TD/59_Levage
01-Ingénierie système/TD/SYS/SYS-01/SYS-01-ChaineFonctionnelle/60_Escalier;01-Ingénierie système/TD/60_Escalier
01-Ingénierie système/TD/SYS/SYS-01/SYS-01-ChainePuissance/1100_Pneumatique;01-Ingénierie système/TD/1100_Pneumatique
01-Ingénierie système/TD/SYS/SYS-01/SYS-01-ChainePuissance/80_Clever;01-Ingénierie système/TD/80_Clever
01-Ingénierie système/TD/SYS/SYS-01/SYS-01-ChainePuissance/88_Suspension;01-Ingénierie système/TD/88_Suspension
01-Ingénierie système/TD/SYS/SYS-01/SYS-01-ChainePuissance/89_Bouee;01-Ingénierie système/TD/89_Bouee
01-Ingénierie système/TD/SYS/SYS-01/SYS-01-ChainePuissance/90_Pilote;01-Ingénierie système/TD/90_Pilote
01-Ingénierie système/TD/SYS/SYS-01/SYS-01_ChaineInfo/507_Divers;01-Ingénierie système/TD/507_Divers
01-Ingénierie système/TD/SYS/SYS-01/SYS-01_ChaineInfo/50_BancBalafre;01-Ingénierie système/TD/50_BancBalafre
01-Ingénierie système/TD/SYS/SYS-01/SYS-01_ChaineInfo/538_Codeur;01-Ingénierie système/TD/538_Codeur
02-Modélisation des mécanismes/TD/A_Integrer/DDS_01/020_QCM_Liaisons;02-Modélisation des mécanismes/TD/020_QCM_Liaisons
02-Modélisation des mécanismes/TD/A_Integrer/DDS_02/024_ProduitVectoriel;04-Cinématique/TD/024_ProduitVectoriel
02-Modélisation des mécanismes/TD/A_Integrer/DDS_02/036_Cinematique_Schema;02-Modélisation des mécanismes/TD/036_Cinematique_Schema
02-Modélisation des mécanismes/TD/A_Integrer/DDS_02/042_Chs_Leq;02-Modélisation des mécanismes/TD/Hyperstatisme/042_Chs_Leq
02-Modélisation des mécanismes/TD/A_Integrer/DDS_03/043_Geometrie;02-Modélisation des mécanismes/TD/Geometrie/043_Geometrie
02-Modélisation des mécanismes/TD/A_Integrer/DDS_03/045_DerivationVectorielle;04-Cinématique/TD/045_DerivationVectorielle
02-Modélisation des mécanismes/TD/A_Integrer/DDS_03/050_Geometrie;02-Modélisation des mécanismes/TD/Geometrie/050_Geometrie
02-Modélisation des mécanismes/TD/A_Integrer/DDS_03/057_Geometrie;02-Modélisation des mécanismes/TD/Geometrie/057_Geometrie
02-Modélisation des mécanismes/TD/A_Integrer/DDS_04/066_Modelisation_Geometrie;02-Modélisation des mécanismes/TD/Geometrie/066_Modelisation_Geometrie
02-Modélisation des mécanismes/TD/A_Integrer/DDS_04/076_Geometrie;02-Modélisation des mécanismes/TD/Geometrie/076_Geometrie
02-Modélisation des mécanismes/TD/A_Integrer/DDS_04/079_Geometrie_Verin;02-Modélisation des mécanismes/TD/Geometrie/079_Geometrie_Verin
02-Modélisation des mécanismes/TD/A_Integrer/DDS_05/088_Geometrie;02-Modélisation des mécanismes/TD/Geometrie/088_Geometrie
02-Modélisation des mécanismes/TD/B2_ProposerModele/B2_16_Hyperstatisme/69_TrainA350;02-Modélisation des mécanismes/TD/Hyperstatisme/69_TrainA350
02-Modélisation des mécanismes/TD/B2_ProposerModele/B2_16_Hyperstatisme/71_Robovolc_02;02-Modélisation des mécanismes/TD/Hyperstatisme/71_Robovolc_02
02-Modélisation des mécanismes/TD/B2_ProposerModele/B2_16_Hyperstatisme/72_Tripteor;02-Modélisation des mécanismes/TD/Hyperstatisme/72_Tripteor
02-Modélisation des mécanismes/TD/B2_ProposerModele/B2_16_Hyperstatisme/81_Piaggio;02-Modélisation des mécanismes/TD/Hyperstatisme/81_Piaggio
02-Modélisation des mécanismes/TD/B2_ProposerModele/B2_16_Hyperstatisme/82_MAV;02-Modélisation des mécanismes/TD/Hyperstatisme/82_MAV
02-Modélisation des mécanismes/TD/B2_ProposerModele/B2_16_Hyperstatisme/83_Roburoc;02-Modélisation des mécanismes/TD/Hyperstatisme/83_Roburoc
02-Modélisation des mécanismes/TD/B2_ProposerModele/B2_16_Hyperstatisme/84_Nacelle;02-Modélisation des mécanismes/TD/Hyperstatisme/84_Nacelle
02-Modélisation des mécanismes/TD/CIN/CIN-01-Parametrage/01_T;02-Modélisation des mécanismes/TD/Paramétrage/01_T
02-Modélisation des mécanismes/TD/CIN/CIN-01-Parametrage/01_T_02;02-Modélisation des mécanismes/TD/Paramétrage/01_T_02
02-Modélisation des mécanismes/TD/CIN/CIN-01-Parametrage/02_R;02-Modélisation des mécanismes/TD/Paramétrage/02_R
02-Modélisation des mécanismes/TD/CIN/CIN-01-Parametrage/02_R_02;02-Modélisation des mécanismes/TD/Paramétrage/02_R_02
02-Modélisation des mécanismes/TD/CIN/CIN-01-Parametrage/03_TT;02-Modélisation des mécanismes/TD/Paramétrage/03_TT
02-Modélisation des mécanismes/TD/CIN/CIN-01-Parametrage/03_TT_02;02-Modélisation des mécanismes/TD/Paramétrage/03_TT_02
02-Modélisation des mécanismes/TD/CIN/CIN-01-Parametrage/04_RR;02-Modélisation des mécanismes/TD/Paramétrage/04_RR
02-Modélisation des mécanismes/TD/CIN/CIN-01-Parametrage/04_RR_02;02-Modélisation des mécanismes/TD/Paramétrage/04_RR_02
02-Modélisation des mécanismes/TD/CIN/CIN-01-Parametrage/05_RT;02-Modélisation des mécanismes/TD/Paramétrage/05_RT
02-Modélisation des mécanismes/TD/CIN/CIN-01-Parametrage/05_RT_02;02-Modélisation des mécanismes/TD/Paramétrage/05_RT_02
02-Modélisation des mécanismes/TD/CIN/CIN-01-Parametrage/06_TR;02-Modélisation des mécanismes/TD/Paramétrage/06_TR
02-Modélisation des mécanismes/TD/CIN/CIN-01-Parametrage/06_TR_02;02-Modélisation des mécanismes/TD/Paramétrage/06_TR_02
02-Modélisation des mécanismes/TD/CIN/CIN-01-Parametrage/07_RR3D;02-Modélisation des mécanismes/TD/Paramétrage/07_RR3D
02-Modélisation des mécanismes/TD/CIN/CIN-01-Parametrage/07_RR3D_02;02-Modélisation des mécanismes/TD/Paramétrage/07_RR3D_02
02-Modélisation des mécanismes/TD/CIN/CIN-01-Parametrage/08_RR3D;02-Modélisation des mécanismes/TD/Paramétrage/08_RR3D
02-Modélisation des mécanismes/TD/CIN/CIN-01-Parametrage/08_RR3D_02;02-Modélisation des mécanismes/TD/Paramétrage/08_RR3D_02
02-Modélisation des mécanismes/TD/CIN/CIN-01-Parametrage/09_RT_RSG;02-Modélisation des mécanismes/TD/Paramétrage/09_RT_RSG
02-Modélisation des mécanismes/TD/CIN/CIN-01-Parametrage/1018_BorneReglable;02-Modélisation des mécanismes/TD/Paramétrage/1018_BorneReglable
02-Modélisation des mécanismes/TD/CIN/CIN-01-Parametrage/1019_RobotPeinture;02-Modélisation des mécanismes/TD/Paramétrage/1019_RobotPeinture
02-Modélisation des mécanismes/TD/CIN/CIN-01-Parametrage/1020_PompeEnsieta;02-Modélisation des mécanismes/TD/Paramétrage/1020_PompeEnsieta
02-Modélisation des mécanismes/TD/CIN/CIN-01-Parametrage/1024_ProdVect;02-Modélisation des mécanismes/TD/Paramétrage/1024_ProdVect
02-Modélisation des mécanismes/TD/CIN/CIN-01-Parametrage/10_PompePalette;02-Modélisation des mécanismes/TD/Paramétrage/10_PompePalette
02-Modélisation des mécanismes/TD/CIN/CIN-01-Parametrage/11_PompePistonsRadiaux;02-Modélisation des mécanismes/TD/Paramétrage/11_PompePistonsRadiaux
02-Modélisation des mécanismes/TD/CIN/CIN-01-Parametrage/12_BielleManivelle;02-Modélisation des mécanismes/TD/Paramétrage/12_BielleManivelle
02-Modélisation des mécanismes/TD/CIN/CIN-01-Parametrage/13_TransfoMouvement;02-Modélisation des mécanismes/TD/Paramétrage/13_TransfoMouvement
02-Modélisation des mécanismes/TD/CIN/CIN-01-Parametrage/14_Sympact;02-Modélisation des mécanismes/TD/Paramétrage/14_Sympact
02-Modélisation des mécanismes/TD/CIN/CIN-01-Parametrage/15_SympactGalet;02-Modélisation des mécanismes/TD/Paramétrage/15_SympactGalet
02-Modélisation des mécanismes/TD/CIN/CIN-01-Parametrage/16_Poussoir;02-Modélisation des mécanismes/TD/Paramétrage/16_Poussoir
02-Modélisation des mécanismes/TD/CIN/CIN-01-Parametrage/17_4Barres;02-Modélisation des mécanismes/TD/Paramétrage/17_4Barres
02-Modélisation des mécanismes/TD/CIN/CIN-01-Parametrage/18_Maxpid;02-Modélisation des mécanismes/TD/Paramétrage/18_Maxpid
02-Modélisation des mécanismes/TD/CIN/CIN-01-Parametrage/46_RR_RSG;02-Modélisation des mécanismes/TD/Paramétrage/46_RR_RSG
02-Modélisation des mécanismes/TD/CIN/CIN-01-Parametrage/513_Divers_Tabouret;02-Modélisation des mécanismes/TD/Paramétrage/513_Divers_Tabouret
02-Modélisation des mécanismes/TD/CIN/CIN-01-Parametrage/514_Divers_Tabouret;02-Modélisation des mécanismes/TD/Paramétrage/514_Divers_Tabouret
02-Modélisation des mécanismes/TD/GEO/GEO-01/01_T;02-Modélisation des mécanismes/TD/Géométrie/01_T
02-Modélisation des mécanismes/TD/GEO/GEO-01/02_R;02-Modélisation des mécanismes/TD/Géométrie/02_R
02-Modélisation des mécanismes/TD/GEO/GEO-01/03_TT;02-Modélisation des mécanismes/TD/Géométrie/03_TT
02-Modélisation des mécanismes/TD/GEO/GEO-01/04_RR;02-Modélisation des mécanismes/TD/Géométrie/04_RR
02-Modélisation des mécanismes/TD/GEO/GEO-01/05_RT;02-Modélisation des mécanismes/TD/Géométrie/05_RT
02-Modélisation des mécanismes/TD/GEO/GEO-01/06_TR;02-Modélisation des mécanismes/TD/Géométrie/06_TR
02-Modélisation des mécanismes/TD/GEO/GEO-01/07_RR3D;02-Modélisation des mécanismes/TD/Géométrie/07_RR3D
02-Modélisation des mécanismes/TD/GEO/GEO-01/08_RR3D;02-Modélisation des mécanismes/TD/Géométrie/08_RR3D
02-Modélisation des mécanismes/TD/GEO/GEO-01/09_RT_RSG;02-Modélisation des mécanismes/TD/Géométrie/09_RT_RSG
02-Modélisation des mécanismes/TD/GEO/GEO-01/10_PompePalette;02-Modélisation des mécanismes/TD/Géométrie/10_PompePalette
02-Modélisation des mécanismes/TD/GEO/GEO-01/11_PompePistonsRadiaux;02-Modélisation des mécanismes/TD/Géométrie/11_PompePistonsRadiaux
02-Modélisation des mécanismes/TD/GEO/GEO-01/12_BielleManivelle;02-Modélisation des mécanismes/TD/Géométrie/12_BielleManivelle
02-Modélisation des mécanismes/TD/GEO/GEO-01/13_TransfoMouvement;02-Modélisation des mécanismes/TD/Géométrie/13_TransfoMouvement
02-Modélisation des mécanismes/TD/GEO/GEO-01/14_Sympact;02-Modélisation des mécanismes/TD/Géométrie/14_Sympact
02-Modélisation des mécanismes/TD/GEO/GEO-01/15_SympactGalet;02-Modélisation des mécanismes/TD/Géométrie/15_SympactGalet
02-Modélisation des mécanismes/TD/GEO/GEO-01/16_Poussoir;02-Modélisation des mécanismes/TD/Géométrie/16_Poussoir
02-Modélisation des mécanismes/TD/GEO/GEO-01/17_4Barres;02-Modélisation des mécanismes/TD/Géométrie/17_4Barres
02-Modélisation des mécanismes/TD/GEO/GEO-01/18_Maxpid;02-Modélisation des mécanismes/TD/Géométrie/18_Maxpid
02-Modélisation des mécanismes/TD/GEO/GEO-01/46_RR_RSG;02-Modélisation des mécanismes/TD/Géométrie/46_RR_RSG
02-Modélisation des mécanismes/TD/GEO/GEO-03/10_PompePalette;02-Modélisation des mécanismes/TD/Systèmes/10_PompePalette
02-Modélisation des mécanismes/TD/GEO/GEO-03/11_PompePistonsRadiaux;02-Modélisation des mécanismes/TD/Systèmes/11_PompePistonsRadiaux
02-Modélisation des mécanismes/TD/GEO/GEO-03/12_BielleManivelle;02-Modélisation des mécanismes/TD/Systèmes/12_BielleManivelle
02-Modélisation des mécanismes/TD/GEO/GEO-03/13_TransfoMouvement;02-Modélisation des mécanismes/TD/Systèmes/13_TransfoMouvement
02-Modélisation des mécanismes/TD/GEO/GEO-03/14_Sympact;02-Modélisation des mécanismes/TD/Systèmes/14_Sympact
02-Modélisation des mécanismes/TD/GEO/GEO-03/15_SympactGalet;02-Modélisation des mécanismes/TD/Systèmes/15_SympactGalet
02-Modélisation des mécanismes/TD/GEO/GEO-03/16_Poussoir;02-Modélisation des mécanismes/TD/Systèmes/16_Poussoir
02-Modélisation des mécanismes/TD/GEO/GEO-03/17_4Barres;02-Modélisation des mécanismes/TD/Systèmes/17_4Barres
02-Modélisation des mécanismes/TD/GEO/GEO-03/18_Maxpid;02-Modélisation des mécanismes/TD/Systèmes/18_Maxpid
02-Modélisation des mécanismes/TD/GEO/GEO-03/19_Graham;02-Modélisation des mécanismes/TD/Systèmes/19_Graham
02-Modélisation des mécanismes/TD/GEO/GEO-03/20_VariateurBilles;02-Modélisation des mécanismes/TD/Systèmes/20_VariateurBilles
02-Modélisation des mécanismes/TD/GEO/GEO-03/54_FauteuilRoulant;02-Modélisation des mécanismes/TD/Systèmes/54_FauteuilRoulant
02-Modélisation des mécanismes/TD/GEO/GEO-03/64_EPAS;02-Modélisation des mécanismes/TD/Systèmes/64_EPAS
02-Modélisation des mécanismes/TD/PPM/PPM-01/1000_Dessin2D;02-Modélisation des mécanismes/TD/Dessin2D/1000_Dessin2D
02-Modélisation des mécanismes/TD/PPM/PPM-01/1001_Dessin2D;02-Modélisation des mécanismes/TD/Dessin2D/1001_Dessin2D
02-Modélisation des mécanismes/TD/PPM/PPM-01/1002_Dessin2D;02-Modélisation des mécanismes/TD/Dessin2D/1002_Dessin2D
02-Modélisation des mécanismes/TD/PPM/PPM-01/1003_Dessin2D;02-Modélisation des mécanismes/TD/Dessin2D/1003_Dessin2D
02-Modélisation des mécanismes/TD/PPM/PPM-01/1004_Dessin2D;02-Modélisation des mécanismes/TD/Dessin2D/1004_Dessin2D
02-Modélisation des mécanismes/TD/PPM/PPM-01/1005_Dessin2D;02-Modélisation des mécanismes/TD/Dessin2D/1005_Dessin2D
02-Modélisation des mécanismes/TD/PPM/PPM-01/1006_Dessin2D;02-Modélisation des mécanismes/TD/Dessin2D/1006_Dessin2D
02-Modélisation des mécanismes/TD/PPM/PPM-01/1007_Dessin2D;02-Modélisation des mécanismes/TD/Dessin2D/1007_Dessin2D
02-Modélisation des mécanismes/TD/PPM/PPM-01/1008_Dessin2D;02-Modélisation des mécanismes/TD/Dessin2D/1008_Dessin2D
02-Modélisation des mécanismes/TD/PPM/PPM-01/1009_Dessin2D;02-Modélisation des mécanismes/TD/Dessin2D/1009_Dessin2D
02-Modélisation des mécanismes/TD/PPM/PPM-01/1010_Dessin2D;02-Modélisation des mécanismes/TD/Dessin2D/1010_Dessin2D
02-Modélisation des mécanismes/TD/PPM/PPM-01/1011_Dessin2D;02-Modélisation des mécanismes/TD/Dessin2D/1011_Dessin2D
02-Modélisation des mécanismes/TD/PPM/PPM-01/1012_Dessin2D;02-Modélisation des mécanismes/TD/Dessin2D/1012_Dessin2D
02-Modélisation des mécanismes/TD/PPM/PPM-01/1013_Dessin2D;02-Modélisation des mécanismes/TD/Dessin2D/1013_Dessin2D
02-Modélisation des mécanismes/TD/PPM/PPM-01/1014_Dessin2D;02-Modélisation des mécanismes/TD/Dessin2D/1014_Dessin2D
02-Modélisation des mécanismes/TD/PPM/PPM-01/1015_Dessin2D;02-Modélisation des mécanismes/TD/Dessin2D/1015_Dessin2D
02-Modélisation des mécanismes/TD/PPM/PPM-01/1016_Dessin2D;02-Modélisation des mécanismes/TD/Dessin2D/1016_Dessin2D
02-Modélisation des mécanismes/TD/PPM/PPM-01/1017_Dessin2D;02-Modélisation des mécanismes/TD/Dessin2D/1017_Dessin2D
02-Modélisation des mécanismes/TD/PPM/PPM-01/1020_PompeEnsieta;02-Modélisation des mécanismes/TD/Dessin2D/1020_PompeEnsieta
02-Modélisation des mécanismes/TD/PPM/PPM-02/1000_Dessin2D;02-Modélisation des mécanismes/TD/Dessin2D/1000_Dessin2D_PPM02
02-Modélisation des mécanismes/TD/PPM/PPM-02/2001_BoitierDifferentiel;02-Modélisation des mécanismes/TD/Dessin2D/2001_BoitierDifferentiel
02-Modélisation des mécanismes/TD/PPM/PPM-02/2002_AxeCommande;02-Modélisation des mécanismes/TD/Dessin2D/2002_AxeCommande
02-Modélisation des mécanismes/TD/PPM/PPM-02/2003_Fourchette;02-Modélisation des mécanismes/TD/Dessin2D/2003_Fourchette
02-Modélisation des mécanismes/TD/PPM/PPM-02/2004_Secateur;02-Modélisation des mécanismes/TD/Dessin2D/2004_Secateur
02-Modélisation des mécanismes/TD/PPM/PPM-03/74_Chariot;02-Modélisation des mécanismes/TD/Dessin2D/74_Chariot
02-Modélisation des mécanismes/TD/PPM/PPM-03/75_TrainA380;02-Modélisation des mécanismes/TD/Dessin2D/75_TrainA380
02-Modélisation des mécanismes/TD/PPM/PPM-03/76_FixationSki;02-Modélisation des mécanismes/TD/Dessin2D/76_FixationSki
02-Modélisation des mécanismes/TD/PPM/PPM-03/85_FauteuilBateau;02-Modélisation des mécanismes/TD/Dessin2D/85_FauteuilBateau
02-Modélisation des mécanismes/TD/PPM/PPM-03/86_Moyeu;02-Modélisation des mécanismes/TD/Dessin2D/86_Moyeu
02-Modélisation des mécanismes/TD/PPM/PPM-03/87_Nacelle;02-Modélisation des mécanismes/TD/Dessin2D/87_Nacelle
03-Lois entrée sortie/TD/CIN/CIN-03-Transmetteurs/21_TrainSimple;03-Lois entrée sortie/TD/Transmetteurs/21_TrainSimple
03-Lois entrée sortie/TD/CIN/CIN-03-Transmetteurs/22_TrainSimple;03-Lois entrée sortie/TD/Transmetteurs/22_TrainSimple
03-Lois entrée sortie/TD/CIN/CIN-03-Transmetteurs/23_TrainSimple;03-Lois entrée sortie/TD/Transmetteurs/23_TrainSimple
03-Lois entrée sortie/TD/CIN/CIN-03-Transmetteurs/24_TrainSimple;03-Lois entrée sortie/TD/Transmetteurs/24_TrainSimple
03-Lois entrée sortie/TD/CIN/CIN-03-Transmetteurs/25_Cheville;03-Lois entrée sortie/TD/Transmetteurs/25_Cheville
03-Lois entrée sortie/TD/CIN/CIN-03-Transmetteurs/26_RoueMotrice;03-Lois entrée sortie/TD/Transmetteurs/26_RoueMotrice
03-Lois entrée sortie/TD/CIN/CIN-03-Transmetteurs/27_TrainEpi;03-Lois entrée sortie/TD/Transmetteurs/27_TrainEpi
03-Lois entrée sortie/TD/CIN/CIN-03-Transmetteurs/28_TrainEpi;03-Lois entrée sortie/TD/Transmetteurs/28_TrainEpi
03-Lois entrée sortie/TD/CIN/CIN-03-Transmetteurs/29_TrainEpi;03-Lois entrée sortie/TD/Transmetteurs/29_TrainEpi
03-Lois entrée sortie/TD/CIN/CIN-03-Transmetteurs/30_TrainEpi;03-Lois entrée sortie/TD/Transmetteurs/30_TrainEpi
03-Lois entrée sortie/TD/CIN/CIN-03-Transmetteurs/31_Redex;03-Lois entrée sortie/TD/Transmetteurs/31_Redex
03-Lois entrée sortie/TD/CIN/CIN-03-Transmetteurs/32_Broyeur;03-Lois entrée sortie/TD/Transmetteurs/32_Broyeur
03-Lois entrée sortie/TD/CIN/CIN-03-Transmetteurs/33_Centrifugeuse;03-Lois entrée sortie/TD/Transmetteurs/33_Centrifugeuse
03-Lois entrée sortie/TD/CIN/CIN-03-Transmetteurs/34_ControlX;03-Lois entrée sortie/TD/Transmetteurs/34_ControlX
03-Lois entrée sortie/TD/CIN/CIN-03-Transmetteurs/35_Vario;03-Lois entrée sortie/TD/Transmetteurs/35_Vario
03-Lois entrée sortie/TD/CIN/CIN-03-Transmetteurs/36_VisEcrou;03-Lois entrée sortie/TD/Transmetteurs/36_VisEcrou
03-Lois entrée sortie/TD/CIN/CIN-03-Transmetteurs/37_VisEcrou;03-Lois entrée sortie/TD/Transmetteurs/37_VisEcrou
03-Lois entrée sortie/TD/CIN/CIN-03-Transmetteurs/38_Treuil;03-Lois entrée sortie/TD/Transmetteurs/38_Treuil
03-Lois entrée sortie/TD/CIN/CIN-03-Transmetteurs/91_PorteAvion;03-Lois entrée sortie/TD/Transmetteurs/91_PorteAvion
03-Lois entrée sortie/TD/CIN/CIN-03-Transmetteurs/92_Colossus;03-Lois entrée sortie/TD/Transmetteurs/92_Colossus
03-Lois entrée sortie/TD/CIN/CIN-03-Transmetteurs/93_Lokomat;03-Lois entrée sortie/TD/Transmetteurs/93_Lokomat
03-Lois entrée sortie/TD/CIN/CIN-03-Transmetteurs/94_Taurus;03-Lois entrée sortie/TD/Transmetteurs/94_Taurus
04-Cinématique/TD/A_Integrer/DDS_02/027_Cinematique;04-Cinématique/TD/027_Cinematique
04-Cinématique/TD/A_Integrer/DDS_02/033_Cinematique;04-Cinématique/TD/033_Cinematique
04-Cinématique/TD/A_Integrer/DDS_03/051_Cinematique;04-Cinématique/TD/051_Cinematique
04-Cinématique/TD/A_Integrer/DDS_03/053_SchemaCinematique;02-Modélisation des mécanismes/TD/Schéma_Cinématique/053_SchemaCinematique
04-Cinématique/TD/A_Integrer/DDS_03/055_SchemaCinematique;02-Modélisation des mécanismes/TD/Schéma_Cinématique/055_SchemaCinematique
04-Cinématique/TD/A_Integrer/DDS_03/056_SchemaCinematique;02-Modélisation des mécanismes/TD/Schéma_Cinématique/056_SchemaCinematique
04-Cinématique/TD/A_Integrer/DDS_04/070_Cinematique;04-Cinématique/TD/070_Cinematique
04-Cinématique/TD/A_Integrer/DDS_04/082_Cinematique_TrainEpi;03-Lois entrée sortie/TD/Transmetteurs/082_Cinematique_TrainEpi
04-Cinématique/TD/A_Integrer/DDS_05/085_SchemasCinematique;02-Modélisation des mécanismes/TD/Schéma_Cinématique/085_SchemasCinematique
04-Cinématique/TD/A_Integrer/DDS_05/087_SchemasCinematique;02-Modélisation des mécanismes/TD/Schéma_Cinématique/087_SchemasCinematique
04-Cinématique/TD/CIN/CIN-02-VitesseAcceleration/01_T;04-Cinématique/TD/VitesseAcceleration/01_T
04-Cinématique/TD/CIN/CIN-02-VitesseAcceleration/01_T_02;04-Cinématique/TD/VitesseAcceleration/01_T_02
04-Cinématique/TD/CIN/CIN-02-VitesseAcceleration/02_R;04-Cinématique/TD/VitesseAcceleration/02_R
04-Cinématique/TD/CIN/CIN-02-VitesseAcceleration/02_R_02;04-Cinématique/TD/VitesseAcceleration/02_R_02
04-Cinématique/TD/CIN/CIN-02-VitesseAcceleration/03_TT;04-Cinématique/TD/VitesseAcceleration/03_TT
04-Cinématique/TD/CIN/CIN-02-VitesseAcceleration/03_TT_02;04-Cinématique/TD/VitesseAcceleration/03_TT_02
04-Cinématique/TD/CIN/CIN-02-VitesseAcceleration/04_RR;04-Cinématique/TD/VitesseAcceleration/04_RR
04-Cinématique/TD/CIN/CIN-02-VitesseAcceleration/04_RR_02;04-Cinématique/TD/VitesseAcceleration/04_RR_02
04-Cinématique/TD/CIN/CIN-02-VitesseAcceleration/05_RT;04-Cinématique/TD/VitesseAcceleration/05_RT
04-Cinématique/TD/CIN/CIN-02-VitesseAcceleration/05_RT_02;04-Cinématique/TD/VitesseAcceleration/05_RT_02
04-Cinématique/TD/CIN/CIN-02-VitesseAcceleration/06_TR;04-Cinématique/TD/VitesseAcceleration/06_TR
04-Cinématique/TD/CIN/CIN-02-VitesseAcceleration/06_TR_02;04-Cinématique/TD/VitesseAcceleration/06_TR_02
04-Cinématique/TD/CIN/CIN-02-VitesseAcceleration/07_RR3D;04-Cinématique/TD/VitesseAcceleration/07_RR3D
04-Cinématique/TD/CIN/CIN-02-VitesseAcceleration/07_RR3D_02;04-Cinématique/TD/VitesseAcceleration/07_RR3D_02
04-Cinématique/TD/CIN/CIN-02-VitesseAcceleration/08_RR3D;04-Cinématique/TD/VitesseAcceleration/08_RR3D
04-Cinématique/TD/CIN/CIN-02-VitesseAcceleration/08_RR3D_02;04-Cinématique/TD/VitesseAcceleration/08_RR3D_02
04-Cinématique/TD/CIN/CIN-02-VitesseAcceleration/09_RT_RSG;04-Cinématique/TD/VitesseAcceleration/09_RT_RSG
04-Cinématique/TD/CIN/CIN-02-VitesseAcceleration/1025_RTR;04-Cinématique/TD/VitesseAcceleration/1025_RTR
04-Cinématique/TD/CIN/CIN-02-VitesseAcceleration/10_PompePalette;04-Cinématique/TD/VitesseAcceleration/10_PompePalette
04-Cinématique/TD/CIN/CIN-02-VitesseAcceleration/11_PompePistonsRadiaux;04-Cinématique/TD/VitesseAcceleration/11_PompePistonsRadiaux
04-Cinématique/TD/CIN/CIN-02-VitesseAcceleration/12_BielleManivelle;04-Cinématique/TD/VitesseAcceleration/12_BielleManivelle
04-Cinématique/TD/CIN/CIN-02-VitesseAcceleration/13_TransfoMouvement;04-Cinématique/TD/VitesseAcceleration/13_TransfoMouvement
04-Cinématique/TD/CIN/CIN-02-VitesseAcceleration/14_Sympact;04-Cinématique/TD/VitesseAcceleration/14_Sympact
04-Cinématique/TD/CIN/CIN-02-VitesseAcceleration/15_SympactGalet;04-Cinématique/TD/VitesseAcceleration/15_SympactGalet
04-Cinématique/TD/CIN/CIN-02-VitesseAcceleration/16_Poussoir;04-Cinématique/TD/VitesseAcceleration/16_Poussoir
04-Cinématique/TD/CIN/CIN-02-VitesseAcceleration/17_4Barres;04-Cinématique/TD/VitesseAcceleration/17_4Barres
04-Cinématique/TD/CIN/CIN-02-VitesseAcceleration/18_Maxpid;04-Cinématique/TD/VitesseAcceleration/18_Maxpid
04-Cinématique/TD/CIN/CIN-02-VitesseAcceleration/46_RR_RSG;04-Cinématique/TD/VitesseAcceleration/46_RR_RSG
05-Modélisation Systèmes Asservis/TD/A_Integrer/DDS_01/002_FTBF_Canonique;05-Modélisation Systèmes Asservis/TD/SLCI/SchemaBlocs/002_FTBF_Canonique
05-Modélisation Systèmes Asservis/TD/A_Integrer/DDS_01/003_ValeurFinale;05-Modélisation Systèmes Asservis/TD/SLCI/Modelisation/003_ValeurFinale
05-Modélisation Systèmes Asservis/TD/A_Integrer/DDS_01/004_IdentificationTemporelle;05-Modélisation Systèmes Asservis/TD/SLCI/Identification/004_IdentificationTemporelle
05-Modélisation Systèmes Asservis/TD/A_Integrer/DDS_01/007_FTBO;05-Modélisation Systèmes Asservis/TD/SLCI/SchemaBlocs/007_FTBO
05-Modélisation Systèmes Asservis/TD/A_Integrer/DDS_01/008_Bode;05-Modélisation Systèmes Asservis/TD/SLCI/Bode/008_Bode
05-Modélisation Systèmes Asservis/TD/A_Integrer/DDS_01/009_IdentificationBode;05-Modélisation Systèmes Asservis/TD/SLCI/Identification/009_IdentificationBode
05-Modélisation Systèmes Asservis/TD/A_Integrer/DDS_01/012_Bode;05-Modélisation Systèmes Asservis/TD/SLCI/Bode/012_Bode
05-Modélisation Systèmes Asservis/TD/A_Integrer/DDS_01/013_FTBO;05-Modélisation Systèmes Asservis/TD/SLCI/SchemaBlocs/013_FTBO
05-Modélisation Systèmes Asservis/TD/A_Integrer/DDS_02/023_Calcul_Complexes;05-Modélisation Systèmes Asservis/TD/SLCI/Modelisation/023_Calcul_Complexes
05-Modélisation Systèmes Asservis/TD/A_Integrer/DDS_02/029_SLCI_Stabilite;05-Modélisation Systèmes Asservis/TD/A_Integrer/DDS_02/029_SLCI_Stabilite
05-Modélisation Systèmes Asservis/TD/A_Integrer/DDS_03/044_SLCI_Calculs;05-Modélisation Systèmes Asservis/TD/A_Integrer/DDS_03/044_SLCI_Calculs
05-Modélisation Systèmes Asservis/TD/A_Integrer/DDS_03/046_SLCI_Blocs;05-Modélisation Systèmes Asservis/TD/SLCI/SchemaBlocs/046_SLCI_Blocs
05-Modélisation Systèmes Asservis/TD/A_Integrer/DDS_03/049_SLCI_Bode_Retard;05-Modélisation Systèmes Asservis/TD/SLCI/Bode/049_SLCI_Bode_Retard
05-Modélisation Systèmes Asservis/TD/A_Integrer/DDS_03/052_SLCI_Demo;05-Modélisation Systèmes Asservis/TD/SLCI/Modelisation/052_SLCI_Demo
05-Modélisation Systèmes Asservis/TD/A_Integrer/DDS_03/060_Bode;05-Modélisation Systèmes Asservis/TD/SLCI/Bode/060_Bode
05-Modélisation Systèmes Asservis/TD/A_Integrer/DDS_04/065_SLCI_Modelisation;05-Modélisation Systèmes Asservis/TD/SLCI/Modelisation/065_SLCI_Modelisation
05-Modélisation Systèmes Asservis/TD/A_Integrer/DDS_04/068_Modelisation;05-Modélisation Systèmes Asservis/TD/SLCI/Modelisation/068_Modelisation
05-Modélisation Systèmes Asservis/TD/A_Integrer/DDS_04/069_SLCI_Calcul;05-Modélisation Systèmes Asservis/TD/SLCI/Modelisation/069_SLCI_Calcul
05-Modélisation Systèmes Asservis/TD/A_Integrer/DDS_04/073_SLCI_Retard;05-Modélisation Systèmes Asservis/TD/SLCI/Modelisation/073_SLCI_Retard
05-Modélisation Systèmes Asservis/TD/A_Integrer/DDS_04/075_SLCI_SchemaBlocs;05-Modélisation Systèmes Asservis/TD/SLCI/SchemaBlocs/075_SLCI_SchemaBlocs
05-Modélisation Systèmes Asservis/TD/A_Integrer/DDS_04/081_SLCI_Numerique;05-Modélisation Systèmes Asservis/TD/SLCI/Modelisation/081_SLCI_Numerique
05-Modélisation Systèmes Asservis/TD/SLCI/SLCI-02-FT/51_MCC;05-Modélisation Systèmes Asservis/TD/SLCI/SLCI-02-FT/51_MCC
05-Modélisation Systèmes Asservis/TD/SLCI/SLCI-03-SchemaBlocs/39_SeineMusicale;05-Modélisation Systèmes Asservis/TD/SLCI/SchemaBlocs/39_SeineMusicale
05-Modélisation Systèmes Asservis/TD/SLCI/SLCI-03-SchemaBlocs/47_SysReeduc;05-Modélisation Systèmes Asservis/TD/SLCI/SchemaBlocs/47_SysReeduc
05-Modélisation Systèmes Asservis/TD/SLCI/SLCI-03-SchemaBlocs/48_Quille;05-Modélisation Systèmes Asservis/TD/SLCI/SchemaBlocs/48_Quille
05-Modélisation Systèmes Asservis/TD/SLCI/SLCI-03-SchemaBlocs/500_Divers;05-Modélisation Systèmes Asservis/TD/SLCI/SchemaBlocs/500_Divers
05-Modélisation Systèmes Asservis/TD/SLCI/SLCI-03-SchemaBlocs/505_Divers;05-Modélisation Systèmes Asservis/TD/SLCI/SchemaBlocs/505_Divers
05-Modélisation Systèmes Asservis/TD/SLCI/SLCI-03-SchemaBlocs/512_Divers;05-Modélisation Systèmes Asservis/TD/SLCI/SchemaBlocs/512_Divers
05-Modélisation Systèmes Asservis/TD/SLCI/SLCI-03-SchemaBlocs/51_MCC;05-Modélisation Systèmes Asservis/TD/SLCI/SchemaBlocs/51_MCC
05-Modélisation Systèmes Asservis/TD/SLCI/SLCI-03-SchemaBlocs/52_Verin;05-Modélisation Systèmes Asservis/TD/SLCI/SchemaBlocs/52_Verin
05-Modélisation Systèmes Asservis/TD/SLCI/SLCI-03-SchemaBlocs/53_BancEpreuveHydraulique;05-Modélisation Systèmes Asservis/TD/SLCI/SchemaBlocs/53_BancEpreuveHydraulique
05-Modélisation Systèmes Asservis/TD/SLCI/SLCI-03-SchemaBlocs/71_Robovolc;05-Modélisation Systèmes Asservis/TD/SLCI/SchemaBlocs/71_Robovolc
05-Modélisation Systèmes Asservis/TD/SLCI/SLCI-03-SchemaBlocs/77_ProtheseTibia;05-Modélisation Systèmes Asservis/TD/SLCI/SchemaBlocs/77_ProtheseTibia
05-Modélisation Systèmes Asservis/TD/SLCI/SLCI-03-SchemaBlocs/78_RobotDaVinci;05-Modélisation Systèmes Asservis/TD/SLCI/SchemaBlocs/78_RobotDaVinci
05-Modélisation Systèmes Asservis/TD/SLCI/SLCI-03-SchemaBlocs/79_Tuyere;05-Modélisation Systèmes Asservis/TD/SLCI/SchemaBlocs/79_Tuyere
05-Modélisation Systèmes Asservis/TD/SLCI/SLCI-03-SchemaBlocs/80_Clever;05-Modélisation Systèmes Asservis/TD/SLCI/SchemaBlocs/80_Clever
05-Modélisation Systèmes Asservis/TD/SLCI/SLCI-03-SchemaBlocs/96_Stabilisateur;05-Modélisation Systèmes Asservis/TD/SLCI/SchemaBlocs/96_Stabilisateur
05-Modélisation Systèmes Asservis/TD/SLCI/SLCI-07-Ordre12/502_Divers;05-Modélisation Systèmes Asservis/TD/SLCI/SLCI-07-Ordre12/502_Divers
05-Modélisation Systèmes Asservis/TD/SLCI/SLCI-07-Ordre12/503_Divers;05-Modélisation Systèmes Asservis/TD/SLCI/SLCI-07-Ordre12/503_Divers
05-Modélisation Systèmes Asservis/TD/SLCI/SLCI-07-Ordre12/504_Divers;05-Modélisation Systèmes Asservis/TD/SLCI/SLCI-07-Ordre12/504_Divers
05-Modélisation Systèmes Asservis/TD/SLCI/SLCI-07-Ordre12/506_Divers;05-Modélisation Systèmes Asservis/TD/SLCI/SLCI-07-Ordre12/506_Divers
05-Modélisation Systèmes Asservis/TD/SLCI/SLCI-07-Ordre12/541_Cours;05-Modélisation Systèmes Asservis/TD/SLCI/SLCI-07-Ordre12/541_Cours
05-Modélisation Systèmes Asservis/TD/SLCI/SLCI-07-Ordre12/542_Cours;05-Modélisation Systèmes Asservis/TD/SLCI/SLCI-07-Ordre12/542_Cours
05-Modélisation Systèmes Asservis/TD/SLCI/SLCI-11-DiagrammeBode/510_01_Divers;05-Modélisation Systèmes Asservis/TD/SLCI/Bode/510_01_Divers
05-Modélisation Systèmes Asservis/TD/SLCI/SLCI-11-DiagrammeBode/510_02_Divers;05-Modélisation Systèmes Asservis/TD/SLCI/Bode/510_02_Divers
05-Modélisation Systèmes Asservis/TD/SLCI/SLCI-11-DiagrammeBode/510_03_Divers;05-Modélisation Systèmes Asservis/TD/SLCI/Bode/510_03_Divers
05-Modélisation Systèmes Asservis/TD/SLCI/SLCI-11-DiagrammeBode/510_04_Divers;05-Modélisation Systèmes Asservis/TD/SLCI/Bode/510_04_Divers
05-Modélisation Systèmes Asservis/TD/SLCI/SLCI-11-DiagrammeBode/510_05_Divers;05-Modélisation Systèmes Asservis/TD/SLCI/Bode/510_05_Divers
05-Modélisation Systèmes Asservis/TD/SLCI/SLCI-11-DiagrammeBode/511_Divers;05-Modélisation Systèmes Asservis/TD/SLCI/Bode/511_Divers
06-Correction des Systèmes asservis/TD/A_Integrer/DDS_02/022_Stabilite;06-Correction des Systèmes asservis/TD/PERF/Marges/022_Stabilite
06-Correction des Systèmes asservis/TD/A_Integrer/DDS_02/025_MargesGraphiques;06-Correction des Systèmes asservis/TD/PERF/Marges/025_MargesGraphiques
06-Correction des Systèmes asservis/TD/A_Integrer/DDS_02/026_QCM_PerfSLCI;06-Correction des Systèmes asservis/TD/026_QCM_PerfSLCI
06-Correction des Systèmes asservis/TD/A_Integrer/DDS_02/030_Correcteur_PI;06-Correction des Systèmes asservis/TD/COR/PI/030_Correcteur_PI
06-Correction des Systèmes asservis/TD/A_Integrer/DDS_02/031_Correcteur_P;06-Correction des Systèmes asservis/TD/COR/P/031_Correcteur_P
06-Correction des Systèmes asservis/TD/A_Integrer/DDS_02/034_SLCI_Rapidite;06-Correction des Systèmes asservis/TD/PERF/Rapidite/034_SLCI_Rapidite
06-Correction des Systèmes asservis/TD/A_Integrer/DDS_02/035_SLCI_Rapidite;06-Correction des Systèmes asservis/TD/PERF/Rapidite/035_SLCI_Rapidite
06-Correction des Systèmes asservis/TD/A_Integrer/DDS_04/072_SLCI_PI;06-Correction des Systèmes asservis/TD/COR/PI/072_SLCI_PI
06-Correction des Systèmes asservis/TD/A_Integrer/DDS_04/077_SLCI_PI;06-Correction des Systèmes asservis/TD/COR/PI/077_SLCI_PI
06-Correction des Systèmes asservis/TD/A_Integrer/DDS_04/080_CorrecteurP;06-Correction des Systèmes asservis/TD/COR/P/080_CorrecteurP
06-Correction des Systèmes asservis/TD/A_Integrer/DDS_04/083_SchemaBlocs_FT;05-Modélisation Systèmes Asservis/TD/SLCI/SchemaBlocs/083_SchemaBlocs_FT
06-Correction des Systèmes asservis/TD/A_Integrer/DDS_04/084_SLCI_P;06-Correction des Systèmes asservis/TD/COR/P/084_SLCI_P
06-Correction des Systèmes asservis/TD/A_Integrer/DDS_05/086_Correcteur_Clever;06-Correction des Systèmes asservis/TD/COR/PI/086_Correcteur_Clever
06-Correction des Systèmes asservis/TD/COR/COR-02-P/65_Eclipse;06-Correction des Systèmes asservis/TD/COR/P/65_Eclipse
06-Correction des Systèmes asservis/TD/COR/COR-03-PI/64_EPAS;06-Correction des Systèmes asservis/TD/COR/PI/64_EPAS
06-Correction des Systèmes asservis/TD/COR/COR-03-PI/65_Eclipse_02;06-Correction des Systèmes asservis/TD/COR/PI/65_Eclipse_02
06-Correction des Systèmes asservis/TD/COR/COR-03-PI/66_Micromanipulateur;06-Correction des Systèmes asservis/TD/COR/PI/66_Micromanipulateur
06-Correction des Systèmes asservis/TD/COR/COR-03-PI/67_PompeTurbo;06-Correction des Systèmes asservis/TD/COR/PI/67_PompeTurbo
06-Correction des Systèmes asservis/TD/COR/COR-03-PI/68_Roburoc;06-Correction des Systèmes asservis/TD/COR/PI/68_Roburoc
06-Correction des Systèmes asservis/TD/COR/COR-03-PI/70_Hublex;06-Correction des Systèmes asservis/TD/COR/PI/70_Hublex
06-Correction des Systèmes asservis/TD/COR/COR-04-AP/65_Eclipse_03;06-Correction des Systèmes asservis/TD/COR/AP/65_Eclipse_03
06-Correction des Systèmes asservis/TD/PERF/PERF-02-Marges/61_Hemostase;06-Correction des Systèmes asservis/TD/PERF/Marges/61_Hemostase
06-Correction des Systèmes asservis/TD/PERF/PERF-02-Marges/62_Palettisation;06-Correction des Systèmes asservis/TD/PERF/Marges/62_Palettisation
06-Correction des Systèmes asservis/TD/PERF/PERF-02-Marges/63_BancHydraulique;06-Correction des Systèmes asservis/TD/PERF/Marges/63_BancHydraulique
06-Correction des Systèmes asservis/TD/PERF/PERF-02-Marges/64_EPAS;06-Correction des Systèmes asservis/TD/PERF/Marges/64_EPAS
06-Correction des Systèmes asservis/TD/PERF/PERF-05-Precistion-TVF/501_Divers;06-Correction des Systèmes asservis/TD/PERF/Précision-TVF/501_Divers
06-Correction des Systèmes asservis/TD/PERF/PERF-05-Precistion-TVF/509_Divers;06-Correction des Systèmes asservis/TD/PERF/Précision-TVF/509_Divers
06-Correction des Systèmes asservis/TD/PERF/PERF-06-Precision/63_BancHydraulique;06-Correction des Systèmes asservis/TD/PERF/Précision/63_BancHydraulique
06-Correction des Systèmes asservis/TD/PERF/PERF-06-Precision/64_EPAS;06-Correction des Systèmes asservis/TD/PERF/Précision/64_EPAS
06-Correction des Systèmes asservis/TD/PERF/PERF-06-Precision/73_Bassin;06-Correction des Systèmes asservis/TD/PERF/Précision/73_Bassin
07-Électronique/TD/ELEC/ELEC-01/534_CircuitElec;07-Électronique/TD/534_CircuitElec
07-Électronique/TD/ELEC/ELEC-01/535_CircuitElec;07-Électronique/TD/535_CircuitElec
07-Électronique/TD/ELEC/ELEC-01/536_CircuitElec;07-Électronique/TD/536_CircuitElec
07-Électronique/TD/ELEC/ELEC-01/537_CircuitElec;07-Électronique/TD/537_CircuitElec
07-Électronique/TD/ELEC/ELEC-01/538_CircuitElec;07-Électronique/TD/538_CircuitElec
07-Électronique/TD/ELEC/ELEC-05-MA/50_BancBalafre;13-MAS-MS/TD/50_BancBalafre
08-Électromécanique/TD/A_Integrer/DDS_04/078_Modelisation;08-Électromécanique/TD/078_Modelisation
09-MCC/TD/A_Integrer/DDS_04/067_Modelisation_SchemaBlocs;05-Modélisation Systèmes Asservis/TD/SLCI/SchemaBlocs/067_Modelisation_SchemaBlocs
09-MCC/TD/ELEC/ELEC-04-MCC/1023_MCC;09-MCC/TD/1023_MCC
11-Actions Mécaniques/TD/A_Integrer/DDS_01/016_PFS;11-Actions Mécaniques/TD/STAT/016_PFS
11-Actions Mécaniques/TD/A_Integrer/DDS_01/021_QCM_PFS;11-Actions Mécaniques/TD/STAT/021_QCM_PFS
11-Actions Mécaniques/TD/A_Integrer/DDS_02/032_Statiques_AM;11-Actions Mécaniques/TD/STAT/032_Statiques_AM
11-Actions Mécaniques/TD/A_Integrer/DDS_02/041_Statique_PFS;11-Actions Mécaniques/TD/STAT/041_Statique_PFS
11-Actions Mécaniques/TD/A_Integrer/DDS_03/048_PFS;11-Actions Mécaniques/TD/STAT/048_PFS
11-Actions Mécaniques/TD/A_Integrer/DDS_03/058_PFS;11-Actions Mécaniques/TD/STAT/058_PFS
11-Actions Mécaniques/TD/A_Integrer/DDS_04/071_PFS;11-Actions Mécaniques/TD/STAT/071_PFS
11-Actions Mécaniques/TD/A_Integrer/DDS_05/089_PFD_RobotChirurgical;11-Actions Mécaniques/TD/DYN/089_PFD_RobotChirurgical
11-Actions Mécaniques/TD/A_Integrer/DDS_05/090_Inertie;11-Actions Mécaniques/TD/DYN/090_Inertie
11-Actions Mécaniques/TD/A_Integrer/DDS_05/092_TorseursDyn_Orthese;11-Actions Mécaniques/TD/DYN/092_TorseursDyn_Orthese
11-Actions Mécaniques/TD/A_Integrer/DDS_05/093_PFD;11-Actions Mécaniques/TD/DYN/093_PFD
11-Actions Mécaniques/TD/A_Integrer/DDS_05/095_Stat;11-Actions Mécaniques/TD/STAT/095_Stat
11-Actions Mécaniques/TD/A_Integrer/DDS_05/096_Stat;11-Actions Mécaniques/TD/STAT/096_Stat
11-Actions Mécaniques/TD/A_Integrer/DDS_Reserve/982_TEC;11-Actions Mécaniques/TD/TEC/982_TEC
11-Actions Mécaniques/TD/A_Integrer/DDS_Reserve/985_Hyperstatisme;02-Modélisation des mécanismes/TD/Hyperstatisme/985_Hyperstatisme
11-Actions Mécaniques/TD/A_Integrer/DDS_Reserve/999_TEC_Clever;11-Actions Mécaniques/TD/TEC/999_TEC_Clever
11-Actions Mécaniques/TD/C2_MettreEnOeuvreDemarche/C2_07_PFS/515_Divers_Potence;11-Actions Mécaniques/TD/STAT/Demarche/15_Divers_Potence
11-Actions Mécaniques/TD/C2_MettreEnOeuvreDemarche/C2_07_PFS/56_RobotAvion;11-Actions Mécaniques/TD/STAT/Demarche/56_RobotAvion
11-Actions Mécaniques/TD/DYN/DYN-01/01_T;11-Actions Mécaniques/TD/DYN/DYN-01/01_T
11-Actions Mécaniques/TD/DYN/DYN-01/02_R;11-Actions Mécaniques/TD/DYN/DYN-01/02_R
11-Actions Mécaniques/TD/DYN/DYN-01/14_Sympact;11-Actions Mécaniques/TD/DYN/DYN-01/14_Sympact
11-Actions Mécaniques/TD/DYN/DYN-01/61_Hemostase;11-Actions Mécaniques/TD/DYN/DYN-01/61_Hemostase
11-Actions Mécaniques/TD/DYN/DYN-01/61_Hemostase_02;11-Actions Mécaniques/TD/DYN/DYN-01/61_Hemostase_02
11-Actions Mécaniques/TD/DYN/DYN-01/63_BancHydraulique;11-Actions Mécaniques/TD/DYN/DYN-01/63_BancHydraulique
11-Actions Mécaniques/TD/DYN/DYN-03-Inertie/1026_Pale;11-Actions Mécaniques/TD/DYN/Inertie/1026_Pale
11-Actions Mécaniques/TD/DYN/DYN-03-Inertie/40_Parallelepipede;11-Actions Mécaniques/TD/DYN/Inertie/40_Parallelepipede
11-Actions Mécaniques/TD/DYN/DYN-03-Inertie/41_Parallelepipede;11-Actions Mécaniques/TD/DYN/Inertie/41_Parallelepipede
11-Actions Mécaniques/TD/DYN/DYN-03-Inertie/42_Cylindre;11-Actions Mécaniques/TD/DYN/Inertie/42_Cylindre
11-Actions Mécaniques/TD/DYN/DYN-03-Inertie/43_Cylindre;11-Actions Mécaniques/TD/DYN/Inertie/43_Cylindre
11-Actions Mécaniques/TD/DYN/DYN-03-Inertie/44_Disque;11-Actions Mécaniques/TD/DYN/Inertie/44_Disque
11-Actions Mécaniques/TD/DYN/DYN-03-Inertie/45_Disque;11-Actions Mécaniques/TD/DYN/Inertie/45_Disque
11-Actions Mécaniques/TD/DYN/DYN-03-Inertie/50_BancBalafre;11-Actions Mécaniques/TD/DYN/Inertie/50_BancBalafre
11-Actions Mécaniques/TD/DYN/DYN-03-Inertie/64_EPAS;11-Actions Mécaniques/TD/DYN/Inertie/64_EPAS
11-Actions Mécaniques/TD/DYN/DYN-03-Inertie/65_Eclipse;11-Actions Mécaniques/TD/DYN/Inertie/65_Eclipse
11-Actions Mécaniques/TD/DYN/DYN-04-TorseurDynamique/01_T;11-Actions Mécaniques/TD/DYN/TorseurDynamique/01_T
11-Actions Mécaniques/TD/DYN/DYN-04-TorseurDynamique/01_T_02;11-Actions Mécaniques/TD/DYN/TorseurDynamique/01_T_02
11-Actions Mécaniques/TD/DYN/DYN-04-TorseurDynamique/02_R;11-Actions Mécaniques/TD/DYN/TorseurDynamique/02_R
11-Actions Mécaniques/TD/DYN/DYN-04-TorseurDynamique/03_TT;11-Actions Mécaniques/TD/DYN/TorseurDynamique/03_TT
11-Actions Mécaniques/TD/DYN/DYN-04-TorseurDynamique/04_RR;11-Actions Mécaniques/TD/DYN/TorseurDynamique/04_RR
11-Actions Mécaniques/TD/DYN/DYN-04-TorseurDynamique/05_RT;11-Actions Mécaniques/TD/DYN/TorseurDynamique/05_RT
11-Actions Mécaniques/TD/DYN/DYN-04-TorseurDynamique/06_TR;11-Actions Mécaniques/TD/DYN/TorseurDynamique/06_TR
11-Actions Mécaniques/TD/DYN/DYN-04-TorseurDynamique/07_RR3D;11-Actions Mécaniques/TD/DYN/TorseurDynamique/07_RR3D
11-Actions Mécaniques/TD/DYN/DYN-04-TorseurDynamique/08_RR3D;11-Actions Mécaniques/TD/DYN/TorseurDynamique/08_RR3D
11-Actions Mécaniques/TD/DYN/DYN-04-TorseurDynamique/09_RT_RSG;11-Actions Mécaniques/TD/DYN/TorseurDynamique/09_RT_RSG
11-Actions Mécaniques/TD/DYN/DYN-04-TorseurDynamique/1025_RTR;11-Actions Mécaniques/TD/DYN/TorseurDynamique/1025_RTR
11-Actions Mécaniques/TD/DYN/DYN-04-TorseurDynamique/46_RR_RSG;11-Actions Mécaniques/TD/DYN/TorseurDynamique/46_RR_RSG
11-Actions Mécaniques/TD/DYN/DYN-04-TorseurDynamique/50_BancBalafre;11-Actions Mécaniques/TD/DYN/TorseurDynamique/50_BancBalafre
11-Actions Mécaniques/TD/DYN/DYN-04-TorseurDynamique/64_EPAS;11-Actions Mécaniques/TD/DYN/TorseurDynamique/64_EPAS
11-Actions Mécaniques/TD/DYN/DYN-04-TorseurDynamique/Cours;11-Actions Mécaniques/TD/DYN/TorseurDynamique/Cours
11-Actions Mécaniques/TD/DYN/DYN-04-TorseurDynamique/STOCK/02_R_02;11-Actions Mécaniques/TD/DYN/TorseurDynamique/STOCK/02_R_02
11-Actions Mécaniques/TD/DYN/DYN-04-TorseurDynamique/STOCK/03_TT_02;11-Actions Mécaniques/TD/DYN/TorseurDynamique/STOCK/03_TT_02
11-Actions Mécaniques/TD/DYN/DYN-04-TorseurDynamique/STOCK/04_RR_02;11-Actions Mécaniques/TD/DYN/TorseurDynamique/STOCK/04_RR_02
11-Actions Mécaniques/TD/DYN/DYN-04-TorseurDynamique/STOCK/05_RT_02;11-Actions Mécaniques/TD/DYN/TorseurDynamique/STOCK/05_RT_02
11-Actions Mécaniques/TD/DYN/DYN-04-TorseurDynamique/STOCK/06_TR_02;11-Actions Mécaniques/TD/DYN/TorseurDynamique/STOCK/06_TR_02
11-Actions Mécaniques/TD/DYN/DYN-04-TorseurDynamique/STOCK/07_RR3D_02;11-Actions Mécaniques/TD/DYN/TorseurDynamique/STOCK/07_RR3D_02
11-Actions Mécaniques/TD/DYN/DYN-04-TorseurDynamique/STOCK/08_RR3D_02;11-Actions Mécaniques/TD/DYN/TorseurDynamique/STOCK/08_RR3D_02
11-Actions Mécaniques/TD/DYN/DYN-04-TorseurDynamique/STOCK/10_PompePalette;11-Actions Mécaniques/TD/DYN/TorseurDynamique/STOCK/10_PompePalette
11-Actions Mécaniques/TD/DYN/DYN-04-TorseurDynamique/STOCK/11_PompePistonsRadiaux;11-Actions Mécaniques/TD/DYN/TorseurDynamique/STOCK/11_PompePistonsRadiaux
11-Actions Mécaniques/TD/DYN/DYN-04-TorseurDynamique/STOCK/12_BielleManivelle;11-Actions Mécaniques/TD/DYN/TorseurDynamique/STOCK/12_BielleManivelle
11-Actions Mécaniques/TD/DYN/DYN-04-TorseurDynamique/STOCK/13_TransfoMouvement;11-Actions Mécaniques/TD/DYN/TorseurDynamique/STOCK/13_TransfoMouvement
11-Actions Mécaniques/TD/DYN/DYN-04-TorseurDynamique/STOCK/14_Sympact;11-Actions Mécaniques/TD/DYN/TorseurDynamique/STOCK/14_Sympact
11-Actions Mécaniques/TD/DYN/DYN-04-TorseurDynamique/STOCK/15_SympactGalet;11-Actions Mécaniques/TD/DYN/TorseurDynamique/STOCK/15_SympactGalet
11-Actions Mécaniques/TD/DYN/DYN-04-TorseurDynamique/STOCK/16_Poussoir;11-Actions Mécaniques/TD/DYN/TorseurDynamique/STOCK/16_Poussoir
11-Actions Mécaniques/TD/DYN/DYN-04-TorseurDynamique/STOCK/17_4Barres;11-Actions Mécaniques/TD/DYN/TorseurDynamique/STOCK/17_4Barres
11-Actions Mécaniques/TD/DYN/DYN-04-TorseurDynamique/STOCK/18_Maxpid;11-Actions Mécaniques/TD/DYN/TorseurDynamique/STOCK/18_Maxpid
11-Actions Mécaniques/TD/DYN/DYN-05-Methode/01_T;11-Actions Mécaniques/TD/DYN/Methode/01_T
11-Actions Mécaniques/TD/DYN/DYN-05-Methode/02_R;11-Actions Mécaniques/TD/DYN/Methode/02_R
11-Actions Mécaniques/TD/DYN/DYN-05-Methode/03_TT;11-Actions Mécaniques/TD/DYN/Methode/03_TT
11-Actions Mécaniques/TD/DYN/DYN-05-Methode/04_RR;11-Actions Mécaniques/TD/DYN/Methode/04_RR
11-Actions Mécaniques/TD/DYN/DYN-05-Methode/05_RT;11-Actions Mécaniques/TD/DYN/Methode/05_RT
11-Actions Mécaniques/TD/DYN/DYN-05-Methode/06_TR;11-Actions Mécaniques/TD/DYN/Methode/06_TR
11-Actions Mécaniques/TD/DYN/DYN-05-Methode/07_RR3D;11-Actions Mécaniques/TD/DYN/Methode/07_RR3D
11-Actions Mécaniques/TD/DYN/DYN-05-Methode/08_RR3D;11-Actions Mécaniques/TD/DYN/Methode/08_RR3D
11-Actions Mécaniques/TD/DYN/DYN-05-Methode/09_RT_RSG;11-Actions Mécaniques/TD/DYN/Methode/09_RT_RSG
11-Actions Mécaniques/TD/DYN/DYN-05-Methode/46_RR_RSG;11-Actions Mécaniques/TD/DYN/Methode/46_RR_RSG
11-Actions Mécaniques/TD/DYN/DYN-05-Methode/STOCK/01_T_02;11-Actions Mécaniques/TD/DYN/Methode/STOCK/01_T_02
11-Actions Mécaniques/TD/DYN/DYN-05-Methode/STOCK/02_R_02;11-Actions Mécaniques/TD/DYN/Methode/STOCK/02_R_02
11-Actions Mécaniques/TD/DYN/DYN-05-Methode/STOCK/03_TT_02;11-Actions Mécaniques/TD/DYN/Methode/STOCK/03_TT_02
11-Actions Mécaniques/TD/DYN/DYN-05-Methode/STOCK/04_RR_02;11-Actions Mécaniques/TD/DYN/Methode/STOCK/04_RR_02
11-Actions Mécaniques/TD/DYN/DYN-05-Methode/STOCK/05_RT_02;11-Actions Mécaniques/TD/DYN/Methode/STOCK/05_RT_02
11-Actions Mécaniques/TD/DYN/DYN-05-Methode/STOCK/06_TR_02;11-Actions Mécaniques/TD/DYN/Methode/STOCK/06_TR_02
11-Actions Mécaniques/TD/DYN/DYN-05-Methode/STOCK/07_RR3D_02;11-Actions Mécaniques/TD/DYN/Methode/STOCK/07_RR3D_02
11-Actions Mécaniques/TD/DYN/DYN-05-Methode/STOCK/08_RR3D_02;11-Actions Mécaniques/TD/DYN/Methode/STOCK/08_RR3D_02
11-Actions Mécaniques/TD/DYN/DYN-06-PFD/01_T;11-Actions Mécaniques/TD/DYN/PFD/01_T
11-Actions Mécaniques/TD/DYN/DYN-06-PFD/02_R;11-Actions Mécaniques/TD/DYN/PFD/02_R
11-Actions Mécaniques/TD/DYN/DYN-06-PFD/03_TT;11-Actions Mécaniques/TD/DYN/PFD/03_TT
11-Actions Mécaniques/TD/DYN/DYN-06-PFD/04_RR;11-Actions Mécaniques/TD/DYN/PFD/04_RR
11-Actions Mécaniques/TD/DYN/DYN-06-PFD/05_RT;11-Actions Mécaniques/TD/DYN/PFD/05_RT
11-Actions Mécaniques/TD/DYN/DYN-06-PFD/06_TR;11-Actions Mécaniques/TD/DYN/PFD/06_TR
11-Actions Mécaniques/TD/DYN/DYN-06-PFD/07_RR3D;11-Actions Mécaniques/TD/DYN/PFD/07_RR3D
11-Actions Mécaniques/TD/DYN/DYN-06-PFD/08_RR3D;11-Actions Mécaniques/TD/DYN/PFD/08_RR3D
11-Actions Mécaniques/TD/DYN/DYN-06-PFD/09_RT_RSG;11-Actions Mécaniques/TD/DYN/PFD/09_RT_RSG
11-Actions Mécaniques/TD/DYN/DYN-06-PFD/46_RR_RSG;11-Actions Mécaniques/TD/DYN/PFD/46_RR_RSG
11-Actions Mécaniques/TD/DYN/DYN-06-PFD/50_BancBalafre;11-Actions Mécaniques/TD/DYN/PFD/50_BancBalafre
11-Actions Mécaniques/TD/DYN/DYN-06-PFD/STOCK/01_T_02;11-Actions Mécaniques/TD/DYN/PFD/STOCK/01_T_02
11-Actions Mécaniques/TD/DYN/DYN-06-PFD/STOCK/02_R_02;11-Actions Mécaniques/TD/DYN/PFD/STOCK/02_R_02
11-Actions Mécaniques/TD/DYN/DYN-06-PFD/STOCK/03_TT_02;11-Actions Mécaniques/TD/DYN/PFD/STOCK/03_TT_02
11-Actions Mécaniques/TD/DYN/DYN-06-PFD/STOCK/04_RR_02;11-Actions Mécaniques/TD/DYN/PFD/STOCK/04_RR_02
11-Actions Mécaniques/TD/DYN/DYN-06-PFD/STOCK/05_RT_02;11-Actions Mécaniques/TD/DYN/PFD/STOCK/05_RT_02
11-Actions Mécaniques/TD/DYN/DYN-06-PFD/STOCK/06_TR_02;11-Actions Mécaniques/TD/DYN/PFD/STOCK/06_TR_02
11-Actions Mécaniques/TD/DYN/DYN-06-PFD/STOCK/07_RR3D_02;11-Actions Mécaniques/TD/DYN/PFD/STOCK/07_RR3D_02
11-Actions Mécaniques/TD/DYN/DYN-06-PFD/STOCK/08_RR3D_02;11-Actions Mécaniques/TD/DYN/PFD/STOCK/08_RR3D_02
11-Actions Mécaniques/TD/STAT/STAT-02-Frottement/532_MAM_Frottement_Cylindre;11-Actions Mécaniques/TD/STAT/Frottement/532_MAM_Frottement_Cylindre
11-Actions Mécaniques/TD/STAT/STAT-02-Frottement/533_MAM_Frottement_Cylindre;11-Actions Mécaniques/TD/STAT/Frottement/533_MAM_Frottement_Cylindre
11-Actions Mécaniques/TD/STAT/STAT-02-Global/516_MAM;11-Actions Mécaniques/TD/STAT/Global/516_MAM
11-Actions Mécaniques/TD/STAT/STAT-02-Global/517_MAM;11-Actions Mécaniques/TD/STAT/Global/517_MAM
11-Actions Mécaniques/TD/STAT/STAT-02-Global/518_MAM;11-Actions Mécaniques/TD/STAT/Global/518_MAM
11-Actions Mécaniques/TD/STAT/STAT-02-Global/519_MAM;11-Actions Mécaniques/TD/STAT/Global/519_MAM
11-Actions Mécaniques/TD/STAT/STAT-02-Global/520_MAM;11-Actions Mécaniques/TD/STAT/Global/520_MAM
11-Actions Mécaniques/TD/STAT/STAT-02-Global/521_MAM;11-Actions Mécaniques/TD/STAT/Global/521_MAM
11-Actions Mécaniques/TD/STAT/STAT-02-Local/1023_Vilebrequin;11-Actions Mécaniques/TD/STAT/Local/1023_Vilebrequin
11-Actions Mécaniques/TD/STAT/STAT-02-Local/1024_Balancier;11-Actions Mécaniques/TD/STAT/Local/1024_Balancier
11-Actions Mécaniques/TD/STAT/STAT-02-Local/1025_Palier;11-Actions Mécaniques/TD/STAT/Local/1025_Palier
11-Actions Mécaniques/TD/STAT/STAT-02-Local/39_SeineMusicale;11-Actions Mécaniques/TD/STAT/Local/39_SeineMusicale
11-Actions Mécaniques/TD/STAT/STAT-02-Local/50_BancBalafre;11-Actions Mécaniques/TD/STAT/Local/50_BancBalafre
11-Actions Mécaniques/TD/STAT/STAT-03-Demarche/01_T;11-Actions Mécaniques/TD/STAT/Demarche/01_T
11-Actions Mécaniques/TD/STAT/STAT-03-Demarche/02_R;11-Actions Mécaniques/TD/STAT/Demarche/02_R
11-Actions Mécaniques/TD/STAT/STAT-03-Demarche/03_TT;11-Actions Mécaniques/TD/STAT/Demarche/03_TT
11-Actions Mécaniques/TD/STAT/STAT-03-Demarche/04_RR;11-Actions Mécaniques/TD/STAT/Demarche/04_RR
11-Actions Mécaniques/TD/STAT/STAT-03-Demarche/05_RT;11-Actions Mécaniques/TD/STAT/Demarche/05_RT
11-Actions Mécaniques/TD/STAT/STAT-03-Demarche/06_TR;11-Actions Mécaniques/TD/STAT/Demarche/06_TR
11-Actions Mécaniques/TD/STAT/STAT-03-Demarche/07_RR3D;11-Actions Mécaniques/TD/STAT/Demarche/07_RR3D
11-Actions Mécaniques/TD/STAT/STAT-03-Demarche/08_RR3D;11-Actions Mécaniques/TD/STAT/Demarche/08_RR3D
11-Actions Mécaniques/TD/STAT/STAT-03-Demarche/14_Sympact;11-Actions Mécaniques/TD/STAT/Demarche/14_Sympact
11-Actions Mécaniques/TD/STAT/STAT-03-Demarche/55_Suspension;11-Actions Mécaniques/TD/STAT/Demarche/55_Suspension
11-Actions Mécaniques/TD/STAT/STAT-03-Demarche/57_PeseCamion;11-Actions Mécaniques/TD/STAT/Demarche/57_PeseCamion
11-Actions Mécaniques/TD/STAT/STAT-03-Demarche/95_ChasseNeige;11-Actions Mécaniques/TD/STAT/Demarche/95_ChasseNeige
11-Actions Mécaniques/TD/STAT/STAT-03-Demarche/STOCK/01_T_02;11-Actions Mécaniques/TD/STAT/Demarche/STOCK/01_T_02
11-Actions Mécaniques/TD/STAT/STAT-03-Demarche/STOCK/02_R_02;11-Actions Mécaniques/TD/STAT/Demarche/STOCK/02_R_02
11-Actions Mécaniques/TD/STAT/STAT-03-Demarche/STOCK/03_TT_02;11-Actions Mécaniques/TD/STAT/Demarche/STOCK/03_TT_02
11-Actions Mécaniques/TD/STAT/STAT-03-Demarche/STOCK/04_RR_02;11-Actions Mécaniques/TD/STAT/Demarche/STOCK/04_RR_02
11-Actions Mécaniques/TD/STAT/STAT-03-Demarche/STOCK/05_RT_02;11-Actions Mécaniques/TD/STAT/Demarche/STOCK/05_RT_02
11-Actions Mécaniques/TD/STAT/STAT-03-Demarche/STOCK/06_TR_02;11-Actions Mécaniques/TD/STAT/Demarche/STOCK/06_TR_02
11-Actions Mécaniques/TD/STAT/STAT-03-Demarche/STOCK/07_RR3D_02;11-Actions Mécaniques/TD/STAT/Demarche/STOCK/07_RR3D_02
11-Actions Mécaniques/TD/STAT/STAT-03-Demarche/STOCK/08_RR3D_02;11-Actions Mécaniques/TD/STAT/Demarche/STOCK/08_RR3D_02
11-Actions Mécaniques/TD/STAT/STAT-03-Demarche/STOCK/09_RT_RSG;11-Actions Mécaniques/TD/STAT/Demarche/STOCK/09_RT_RSG
11-Actions Mécaniques/TD/TEC/TEC-04-Meq-Jeq/21_TrainSimple;11-Actions Mécaniques/TD/TEC/Meq-Jeq/21_TrainSimple
11-Actions Mécaniques/TD/TEC/TEC-04-Meq-Jeq/22_TrainSimple;11-Actions Mécaniques/TD/TEC/Meq-Jeq/22_TrainSimple
11-Actions Mécaniques/TD/TEC/TEC-04-Meq-Jeq/23_TrainSimple;11-Actions Mécaniques/TD/TEC/Meq-Jeq/23_TrainSimple
11-Actions Mécaniques/TD/TEC/TEC-04-Meq-Jeq/24_TrainSimple;11-Actions Mécaniques/TD/TEC/Meq-Jeq/24_TrainSimple
11-Actions Mécaniques/TD/TEC/TEC-04-Meq-Jeq/25_Cheville;11-Actions Mécaniques/TD/TEC/Meq-Jeq/25_Cheville
11-Actions Mécaniques/TD/TEC/TEC-04-Meq-Jeq/26_RoueMotrice;11-Actions Mécaniques/TD/TEC/Meq-Jeq/26_RoueMotrice
11-Actions Mécaniques/TD/TEC/TEC-04-Meq-Jeq/27_TrainEpi;11-Actions Mécaniques/TD/TEC/Meq-Jeq/27_TrainEpi
11-Actions Mécaniques/TD/TEC/TEC-04-Meq-Jeq/28_TrainEpi;11-Actions Mécaniques/TD/TEC/Meq-Jeq/28_TrainEpi
11-Actions Mécaniques/TD/TEC/TEC-04-Meq-Jeq/29_TrainEpi;11-Actions Mécaniques/TD/TEC/Meq-Jeq/29_TrainEpi
11-Actions Mécaniques/TD/TEC/TEC-04-Meq-Jeq/30_TrainEpi;11-Actions Mécaniques/TD/TEC/Meq-Jeq/30_TrainEpi
11-Actions Mécaniques/TD/TEC/TEC-04-Meq-Jeq/31_Redex;11-Actions Mécaniques/TD/TEC/Meq-Jeq/31_Redex
11-Actions Mécaniques/TD/TEC/TEC-04-Meq-Jeq/32_Broyeur;11-Actions Mécaniques/TD/TEC/Meq-Jeq/32_Broyeur
11-Actions Mécaniques/TD/TEC/TEC-04-Meq-Jeq/33_Centrifugeuse;11-Actions Mécaniques/TD/TEC/Meq-Jeq/33_Centrifugeuse
11-Actions Mécaniques/TD/TEC/TEC-04-Meq-Jeq/34_ControlX;11-Actions Mécaniques/TD/TEC/Meq-Jeq/34_ControlX
11-Actions Mécaniques/TD/TEC/TEC-04-Meq-Jeq/35_Vario;11-Actions Mécaniques/TD/TEC/Meq-Jeq/35_Vario
11-Actions Mécaniques/TD/TEC/TEC-04-Meq-Jeq/36_VisEcrou;11-Actions Mécaniques/TD/TEC/Meq-Jeq/36_VisEcrou
11-Actions Mécaniques/TD/TEC/TEC-04-Meq-Jeq/37_VisEcrou;11-Actions Mécaniques/TD/TEC/Meq-Jeq/37_VisEcrou
11-Actions Mécaniques/TD/TEC/TEC-04-Meq-Jeq/38_Treuil;11-Actions Mécaniques/TD/TEC/Meq-Jeq/38_Treuil
11-Actions Mécaniques/TD/TEC/TEC-04-Meq-Jeq/91_PorteAvion;11-Actions Mécaniques/TD/TEC/Meq-Jeq/91_PorteAvion
11-Actions Mécaniques/TD/TEC/TEC-04-Meq-Jeq/92_Colossus;11-Actions Mécaniques/TD/TEC/Meq-Jeq/92_Colossus
11-Actions Mécaniques/TD/TEC/TEC-04-Meq-Jeq/93_Lokomat;11-Actions Mécaniques/TD/TEC/Meq-Jeq/93_Lokomat
11-Actions Mécaniques/TD/TEC/TEC-04-Meq-Jeq/94_Taurus;11-Actions Mécaniques/TD/TEC/Meq-Jeq/94_Taurus
11-Actions Mécaniques/TD/TEC/TEC-05/10_PompePalette;11-Actions Mécaniques/TD/TEC/TEC-05/10_PompePalette
11-Actions Mécaniques/TD/TEC/TEC-05/11_PompePistonsRadiaux;11-Actions Mécaniques/TD/TEC/TEC-05/11_PompePistonsRadiaux
11-Actions Mécaniques/TD/TEC/TEC-05/12_BielleManivelle;11-Actions Mécaniques/TD/TEC/TEC-05/12_BielleManivelle
11-Actions Mécaniques/TD/TEC/TEC-05/13_TransfoMouvement;11-Actions Mécaniques/TD/TEC/TEC-05/13_TransfoMouvement
11-Actions Mécaniques/TD/TEC/TEC-05/14_Sympact;11-Actions Mécaniques/TD/TEC/TEC-05/14_Sympact
11-Actions Mécaniques/TD/TEC/TEC-05/15_SympactGalet;11-Actions Mécaniques/TD/TEC/TEC-05/15_SympactGalet
11-Actions Mécaniques/TD/TEC/TEC-05/16_Poussoir;11-Actions Mécaniques/TD/TEC/TEC-05/16_Poussoir
11-Actions Mécaniques/TD/TEC/TEC-05/17_4Barres;11-Actions Mécaniques/TD/TEC/TEC-05/17_4Barres
11-Actions Mécaniques/TD/TEC/TEC-05/18_Maxpid;11-Actions Mécaniques/TD/TEC/TEC-05/18_Maxpid
11-Actions Mécaniques/TD/TEC/TEC-05/19_Graham;11-Actions Mécaniques/TD/TEC/TEC-05/19_Graham
11-Actions Mécaniques/TD/TEC/TEC-05/20_VariateurBilles;11-Actions Mécaniques/TD/TEC/TEC-05/20_VariateurBilles
11-Actions Mécaniques/TD/TEC/TEC-05/49_ElevateurBateaux;11-Actions Mécaniques/TD/TEC/TEC-05/49_ElevateurBateaux
11-Actions Mécaniques/TD/TEC/TEC-05/50_BancBalafre;11-Actions Mécaniques/TD/TEC/TEC-05/50_BancBalafre
11-Actions Mécaniques/TD/TEC/TEC-05/64_EPAS;11-Actions Mécaniques/TD/TEC/TEC-05/64_EPAS
12-RDM/TD/RDM/RDM-01-Cohesion/522_RdM;12-RDM/TD/Cohesion/522_RdM
12-RDM/TD/RDM/RDM-01-Cohesion/523_RdM;12-RDM/TD/Cohesion/523_RdM
12-RDM/TD/RDM/RDM-01-Cohesion/524_RdM;12-RDM/TD/Cohesion/524_RdM
12-RDM/TD/RDM/RDM-01-Cohesion/525_RdM;12-RDM/TD/Cohesion/525_RdM
12-RDM/TD/RDM/RDM-01-Cohesion/526_RdM;12-RDM/TD/Cohesion/526_RdM
12-RDM/TD/RDM/RDM-01-Cohesion/527_RdM;12-RDM/TD/Cohesion/527_RdM
12-RDM/TD/RDM/RDM-01-Cohesion/528_BrocheFraisage;12-RDM/TD/Cohesion/528_BrocheFraisage
12-RDM/TD/RDM/RDM-01-Cohesion/529_Passerelle;12-RDM/TD/Cohesion/529_Passerelle
12-RDM/TD/RDM/RDM-01-Cohesion/530_BancHelico;12-RDM/TD/Cohesion/530_BancHelico
12-RDM/TD/RDM/RDM-02-Traction/539_Cours_RDM;12-RDM/TD/Traction/539_Cours_RDM
12-RDM/TD/RDM/RDM-03-Torsion/539_Cours_RDM;12-RDM/TD/Torsion/539_Cours_RDM
12-RDM/TD/RDM/RDM-04-Flexion/539_Cours_RDM;12-RDM/TD/Flexion/539_Cours_RDM
12-RDM/TD/RDM/RDM-05-Deformation/531_RdM;12-RDM/TD/Deformation/531_RdM
12-RDM/TD/RDM/RDM-05-Deformation/532_RdM;12-RDM/TD/Deformation/532_RdM
12-RDM/TD/RDM/RDM-05-Deformation/540_RdM;12-RDM/TD/Deformation/540_RdM
12-RDM/TD/RDM/RDM-05-Deformation/541_RdM;12-RDM/TD/Deformation/541_RdM
12-RDM/TD/RDM/RDM-05-Deformation/542_RdM;12-RDM/TD/Deformation/542_RdM
14-Logique/TD/A_Integrer/DDS_03/059_STM;14-Logique/TD/Séquentiel/059_STM
14-Logique/TD/SEQ/SEQ-03/50_BancBalafre;14-Logique/TD/Séquentiel/50_BancBalafre
15-Outils numériques/TD/NUM/NUM-03/1021_Euler;15-Outils numériques/TD/1021_Euler
15-Outils numériques/TD/NUM/NUM-03/1022_Euler;15-Outils numériques/TD/1022_Euler
15-Outils numériques/TD/NUM/NUM-03/1023_Euler;15-Outils numériques/TD/1023_Euler
